{
    "validation_accuracy": 0.9933333333333333,
    "validation_f1_score": 0.9933549887285443,
    "test_accuracy": 0.9933333333333333,
    "test_f1_score": 0.9933549887285443,
    "timestamp": "2026-03-15T16:55:36.483816",
    "hyperparameters": {
        "classifier": "RandomForestClassifier",
        "n_estimators": 100,
        "random_state": 42
    }
}